customer_id,event_time,event_type,product_id,session_id
C0089,2024-05-19 01:50:00,purchase,P0014,S00360
C0069,2024-06-12 02:06:00,add_to_cart,P0020,S00337
C0086,2024-02-12 20:39:00,product_view,P0012,S00331
C0087,2024-04-12 10:50:00,product_view,P0021,S00006
C0013,2024-02-26 16:47:00,product_view,P0009,S00298
C0089,2024-02-26 14:23:00,product_view,P0019,S00396
C0087,2024-06-25 16:09:00,product_view,P0019,S00013
C0062,2024-03-16 13:58:00,purchase,P0004,S00060
C0094,2024-03-30 09:21:00,product_view,P0005,S00106
C0067,2024-03-30 15:06:00,product_view,P0016,S00357
C0058,2024-01-18 09:02:00,checkout,P0011,S00059
C0003,2024-03-28 20:06:00,add_to_cart,P0028,S00085
C0095,2024-05-12 05:35:00,product_view,P0008,S00287
C0055,2024-02-29 12:40:00,product_view,P0015,S00328
C0085,2024-04-11 00:47:00,add_to_cart,P0014,S00102
C0058,2024-04-19 12:00:00,add_to_cart,P0019,S00106
C0036,2024-06-29 02:36:00,product_view,P0025,S00447
C0069,2024-04-03 10:12:00,product_view,P0006,S00135
C0086,2024-05-05 16:40:00,product_view,P0028,S00199
C0079,2024-05-30 03:22:00,product_view,P0013,S00235
C0080,2024-06-21 22:51:00,product_view,P0006,S00315
C0076,2024-06-21 04:20:00,product_view,P0003,S00157
C0015,2024-04-05 22:09:00,product_view,P0006,S00215
C0077,2024-05-27 12:27:00,product_view,P0005,S00326
C0069,2024-06-14 05:35:00,product_view,P0023,S00148
C0018,2024-03-21 14:39:00,product_view,P0006,S00184
C0002,2024-02-04 06:52:00,product_view,P0016,S00288
C0065,2024-05-06 13:43:00,product_view,P0021,S00364
C0057,2024-02-12 02:36:00,product_view,P0016,S00390
C0029,2024-01-09 08:14:00,product_view,P0010,S00087
C0100,2024-05-24 23:49:00,add_to_cart,P0015,S00282
C0066,2024-05-26 03:17:00,add_to_cart,P0004,S00422
C0047,2024-07-12 01:48:00,add_to_cart,P0018,S00280
C0028,2024-01-27 23:53:00,add_to_cart,P0014,S00127
C0039,2024-01-09 14:16:00,product_view,P0028,S00419
C0012,2024-01-31 07:13:00,checkout,P0015,S00302
C0089,2024-06-30 19:40:00,product_view,P0012,S00316
C0018,2024-02-22 06:51:00,product_view,P0026,S00180
C0069,2024-06-01 17:10:00,product_view,P0009,S00361
C0038,2024-05-26 08:54:00,product_view,P0010,S00461
C0087,2024-01-25 04:48:00,add_to_cart,P0027,S00471
C0008,2024-06-16 04:44:00,checkout,P0009,S00128
C0019,2024-03-23 07:48:00,checkout,P0023,S00202
C0063,2024-05-27 20:17:00,add_to_cart,P0005,S00193
C0058,2024-06-11 02:25:00,product_view,P0003,S00143
C0089,2024-04-04 14:31:00,product_view,P0030,S00002
C0100,2024-07-06 02:46:00,purchase,P0028,S00326
C0086,2024-04-01 02:50:00,product_view,P0023,S00112
C0055,2024-02-24 15:17:00,product_view,P0027,S00146
C0044,2024-05-27 04:36:00,checkout,P0018,S00404
C0044,2024-06-23 01:02:00,product_view,P0029,S00402
C0059,2024-02-01 05:28:00,product_view,P0001,S00491
C0055,2024-06-25 04:56:00,add_to_cart,P0007,S00082
C0036,2024-06-16 11:16:00,product_view,P0003,S00341
C0084,2024-01-14 12:40:00,product_view,P0006,S00359
C0097,2024-04-19 20:05:00,add_to_cart,P0008,S00001
C0028,2024-01-20 04:37:00,product_view,P0016,S00349
C0057,2024-01-03 22:21:00,checkout,P0001,S00441
C0055,2024-02-03 15:04:00,product_view,P0023,S00046
C0094,2024-01-27 03:20:00,product_view,P0026,S00154
C0018,2024-07-17 04:41:00,purchase,P0013,S00074
C0009,2024-05-24 00:39:00,add_to_cart,P0017,S00226
C0045,2024-02-24 20:47:00,product_view,P0024,S00211
C0079,2024-04-23 06:05:00,checkout,P0022,S00072
C0097,2024-05-30 23:24:00,product_view,P0004,S00220
C0041,2024-02-05 07:17:00,add_to_cart,P0026,S00128
C0071,2024-06-02 23:38:00,product_view,P0020,S00482
C0089,2024-06-17 09:13:00,product_view,P0001,S00261
C0025,2024-04-10 09:41:00,product_view,P0024,S00460
C0031,2024-04-08 03:15:00,product_view,P0016,S00305
C0010,2024-01-04 11:59:00,product_view,P0017,S00199
C0073,2024-04-03 17:43:00,product_view,P0014,S00242
C0099,2024-01-05 18:04:00,product_view,P0003,S00111
C0006,2024-01-16 12:32:00,product_view,P0030,S00365
C0065,2024-04-16 13:44:00,product_view,P0025,S00328
C0069,2024-06-06 04:17:00,product_view,P0018,S00041
C0066,2024-02-22 04:34:00,product_view,P0030,S00301
C0082,2024-06-15 21:41:00,product_view,P0025,S00358
C0056,2024-03-02 01:15:00,product_view,P0024,S00223
C0015,2024-06-05 19:03:00,product_view,P0015,S00380
C0085,2024-02-14 03:00:00,add_to_cart,P0024,S00360
C0002,2024-05-07 11:33:00,product_view,P0006,S00422
C0093,2024-02-12 11:08:00,add_to_cart,P0009,S00448
C0035,2024-01-31 00:21:00,checkout,P0024,S00140
C0068,2024-03-08 22:36:00,add_to_cart,P0003,S00255
C0059,2024-04-02 01:31:00,checkout,P0017,S00086
C0048,2024-03-06 03:57:00,product_view,P0006,S00371
C0015,2024-07-08 16:00:00,product_view,P0008,S00442
C0002,2024-01-12 15:23:00,product_view,P0008,S00077
C0023,2024-01-10 17:51:00,purchase,P0030,S00380
C0084,2024-02-27 10:15:00,product_view,P0014,S00369
C0041,2024-01-20 18:23:00,product_view,P0009,S00345
C0007,2024-02-27 16:02:00,purchase,P0006,S00036
C0060,2024-03-13 09:20:00,product_view,P0028,S00234
C0002,2024-02-21 09:36:00,add_to_cart,P0012,S00379
C0080,2024-04-28 11:37:00,purchase,P0008,S00396
C0100,2024-07-06 17:48:00,add_to_cart,P0007,S00078
C0001,2024-04-14 00:14:00,product_view,P0030,S00326
C0089,2024-01-03 10:00:00,add_to_cart,P0029,S00193
C0095,2024-03-19 03:13:00,product_view,P0024,S00122
C0054,2024-01-16 04:45:00,product_view,P0016,S00023
C0030,2024-05-13 13:44:00,checkout,P0029,S00235
C0096,2024-05-28 03:32:00,product_view,P0003,S00420
C0051,2024-05-31 18:03:00,product_view,P0003,S00494
C0017,2024-03-15 08:54:00,product_view,P0008,S00411
C0051,2024-07-07 10:20:00,product_view,P0023,S00120
C0010,2024-02-04 18:06:00,product_view,P0007,S00085
C0058,2024-03-21 13:07:00,product_view,P0015,S00494
C0099,2024-04-25 09:29:00,product_view,P0007,S00062
C0012,2024-06-24 09:52:00,add_to_cart,P0006,S00309
C0006,2024-03-24 04:05:00,add_to_cart,P0007,S00496
C0046,2024-05-11 01:43:00,product_view,P0013,S00420
C0023,2024-04-13 14:35:00,add_to_cart,P0001,S00128
C0013,2024-01-27 04:07:00,product_view,P0015,S00426
C0100,2024-02-03 06:52:00,product_view,P0008,S00352
C0081,2024-01-22 18:37:00,product_view,P0021,S00417
C0010,2024-01-17 06:57:00,add_to_cart,P0001,S00415
C0017,2024-03-25 03:02:00,purchase,P0003,S00026
C0022,2024-05-26 13:52:00,add_to_cart,P0030,S00255
C0004,2024-06-23 13:11:00,product_view,P0013,S00466
C0024,2024-03-12 14:56:00,product_view,P0009,S00315
C0080,2024-03-03 20:18:00,product_view,P0020,S00452
C0071,2024-01-16 02:17:00,product_view,P0016,S00215
C0026,2024-05-14 07:40:00,purchase,P0021,S00279
C0003,2024-07-19 22:22:00,product_view,P0013,S00401
C0063,2024-05-24 16:20:00,product_view,P0012,S00093
C0004,2024-06-01 07:01:00,checkout,P0011,S00399
C0036,2024-04-30 16:22:00,add_to_cart,P0002,S00120
C0021,2024-03-04 21:15:00,product_view,P0004,S00418
C0095,2024-07-14 07:36:00,checkout,P0002,S00409
C0050,2024-02-14 05:15:00,product_view,P0012,S00413
C0095,2024-04-01 18:01:00,add_to_cart,P0023,S00181
C0073,2024-02-06 18:12:00,checkout,P0019,S00415
C0064,2024-03-20 05:31:00,product_view,P0018,S00029
C0030,2024-02-26 00:33:00,product_view,P0020,S00170
C0079,2024-02-03 10:45:00,product_view,P0007,S00411
C0042,2024-01-06 04:37:00,add_to_cart,P0002,S00073
C0100,2024-05-14 11:04:00,product_view,P0004,S00483
C0085,2024-05-30 03:21:00,product_view,P0013,S00070
C0021,2024-04-21 20:31:00,add_to_cart,P0024,S00090
C0091,2024-06-26 19:50:00,product_view,P0018,S00341
C0076,2024-02-14 12:19:00,add_to_cart,P0027,S00151
C0017,2024-07-05 00:44:00,purchase,P0006,S00201
C0099,2024-01-09 05:38:00,product_view,P0019,S00415
C0079,2024-06-12 18:06:00,purchase,P0008,S00073
C0043,2024-01-20 07:22:00,purchase,P0024,S00086
C0082,2024-01-23 22:42:00,add_to_cart,P0029,S00454
C0043,2024-01-03 08:13:00,product_view,P0015,S00035
C0045,2024-01-28 23:00:00,product_view,P0009,S00225
C0094,2024-02-12 13:31:00,checkout,P0014,S00180
C0070,2024-01-26 15:50:00,checkout,P0013,S00334
C0098,2024-02-27 05:28:00,product_view,P0022,S00434
C0005,2024-01-06 10:16:00,purchase,P0010,S00038
C0044,2024-04-06 05:46:00,product_view,P0006,S00483
C0012,2024-06-01 19:57:00,product_view,P0011,S00016
C0056,2024-02-12 19:56:00,product_view,P0021,S00028
C0013,2024-02-22 06:26:00,add_to_cart,P0011,S00370
C0094,2024-03-08 21:18:00,product_view,P0018,S00050
C0007,2024-05-26 17:53:00,product_view,P0013,S00028
C0047,2024-04-19 02:18:00,checkout,P0001,S00321
C0077,2024-02-21 03:01:00,product_view,P0016,S00327
C0038,2024-05-01 03:19:00,add_to_cart,P0003,S00242
C0063,2024-06-18 08:05:00,add_to_cart,P0029,S00199
C0024,2024-04-07 11:11:00,product_view,P0012,S00135
C0057,2024-03-08 07:53:00,product_view,P0015,S00032
C0020,2024-06-27 21:06:00,product_view,P0025,S00177
C0070,2024-07-12 18:14:00,product_view,P0014,S00431
C0050,2024-05-13 13:34:00,add_to_cart,P0027,S00480
C0061,2024-03-01 15:19:00,product_view,P0019,S00463
C0092,2024-05-08 18:57:00,product_view,P0002,S00293
C0087,2024-02-07 03:48:00,product_view,P0020,S00486
C0022,2024-02-19 04:02:00,product_view,P0007,S00350
C0056,2024-06-09 04:53:00,product_view,P0007,S00164
C0094,2024-01-18 02:24:00,product_view,P0030,S00283
C0042,2024-03-11 16:29:00,purchase,P0028,S00007
C0090,2024-05-30 16:50:00,product_view,P0020,S00213
C0020,2024-05-25 18:37:00,add_to_cart,P0005,S00482
C0013,2024-01-28 18:49:00,product_view,P0030,S00147
C0069,2024-03-29 13:16:00,product_view,P0029,S00249
C0074,2024-05-01 01:11:00,product_view,P0020,S00074
C0080,2024-06-23 22:25:00,product_view,P0020,S00456
C0043,2024-03-01 01:47:00,product_view,P0023,S00138
C0048,2024-03-27 09:19:00,product_view,P0001,S00252
C0090,2024-01-26 07:08:00,product_view,P0022,S00381
C0057,2024-03-23 08:46:00,product_view,P0025,S00331
C0012,2024-04-23 06:58:00,checkout,P0007,S00380
C0063,2024-05-12 11:52:00,product_view,P0025,S00406
C0021,2024-03-20 22:32:00,product_view,P0003,S00400
C0068,2024-05-25 00:11:00,product_view,P0029,S00427
C0026,2024-01-15 07:02:00,product_view,P0027,S00471
C0047,2024-02-20 08:23:00,checkout,P0023,S00259
C0051,2024-02-01 21:01:00,product_view,P0021,S00251
C0077,2024-02-15 15:37:00,product_view,P0015,S00177
C0021,2024-03-07 23:53:00,add_to_cart,P0027,S00146
C0004,2024-01-13 05:54:00,product_view,P0013,S00495
C0028,2024-02-26 20:14:00,add_to_cart,P0028,S00138
C0084,2024-05-11 00:55:00,add_to_cart,P0014,S00393
C0088,2024-05-01 04:41:00,product_view,P0001,S00411
C0002,2024-03-05 19:51:00,purchase,P0008,S00365
C0091,2024-03-11 13:57:00,product_view,P0021,S00179
C0059,2024-02-25 14:19:00,add_to_cart,P0009,S00423
C0080,2024-05-29 03:00:00,product_view,P0013,S00340
C0048,2024-06-14 19:38:00,product_view,P0018,S00351
C0014,2024-01-17 10:17:00,add_to_cart,P0016,S00442
C0036,2024-06-16 22:57:00,add_to_cart,P0009,S00097
C0020,2024-07-14 07:57:00,product_view,P0017,S00439
C0077,2024-06-18 10:43:00,product_view,P0013,S00014
C0084,2024-03-16 08:58:00,product_view,P0016,S00199
C0095,2024-05-29 22:36:00,checkout,P0002,S00176
C0093,2024-02-26 21:34:00,add_to_cart,P0023,S00244
C0086,2024-05-09 09:54:00,product_view,P0012,S00337
C0072,2024-03-16 03:30:00,product_view,P0006,S00133
C0093,2024-05-23 05:43:00,checkout,P0026,S00336
C0012,2024-03-31 07:47:00,checkout,P0008,S00216
C0043,2024-03-07 18:18:00,product_view,P0012,S00061
C0061,2024-06-11 18:37:00,purchase,P0002,S00037
C0061,2024-02-19 16:07:00,checkout,P0029,S00196
C0068,2024-04-15 01:55:00,checkout,P0010,S00071
C0026,2024-04-14 18:57:00,purchase,P0011,S00235
C0019,2024-07-02 05:49:00,product_view,P0011,S00171
C0081,2024-03-21 20:03:00,product_view,P0006,S00141
C0027,2024-07-17 05:36:00,add_to_cart,P0025,S00251
C0098,2024-01-23 04:39:00,product_view,P0025,S00220
C0052,2024-05-02 12:00:00,product_view,P0014,S00103
C0094,2024-01-04 10:48:00,checkout,P0012,S00098
C0003,2024-01-02 20:46:00,product_view,P0022,S00356
C0045,2024-02-03 03:24:00,product_view,P0010,S00157
C0022,2024-01-12 09:18:00,product_view,P0003,S00267
C0077,2024-03-27 13:56:00,add_to_cart,P0017,S00069
C0044,2024-05-05 11:48:00,product_view,P0029,S00486
C0052,2024-02-28 07:46:00,purchase,P0001,S00109
C0094,2024-05-30 16:10:00,product_view,P0001,S00365
C0084,2024-01-10 12:56:00,add_to_cart,P0026,S00395
C0069,2024-01-13 19:03:00,add_to_cart,P0020,S00335
C0003,2024-06-25 03:26:00,product_view,P0002,S00064
C0071,2024-05-01 22:09:00,product_view,P0009,S00352
C0081,2024-03-18 13:42:00,product_view,P0001,S00267
C0035,2024-06-04 22:08:00,product_view,P0020,S00461
C0014,2024-07-03 19:07:00,product_view,P0017,S00402
C0014,2024-02-20 19:12:00,add_to_cart,P0016,S00426
C0067,2024-04-01 22:26:00,product_view,P0007,S00021
C0071,2024-02-23 22:59:00,product_view,P0016,S00121
C0001,2024-06-20 02:58:00,product_view,P0001,S00294
C0086,2024-02-08 02:49:00,product_view,P0016,S00371
C0093,2024-03-06 20:14:00,product_view,P0004,S00152
C0034,2024-01-13 03:52:00,product_view,P0015,S00021
C0038,2024-06-22 10:27:00,add_to_cart,P0012,S00049
C0098,2024-01-12 00:54:00,product_view,P0029,S00332
C0022,2024-04-01 14:39:00,product_view,P0011,S00376
C0012,2024-03-28 05:07:00,product_view,P0012,S00493
C0059,2024-04-08 22:54:00,product_view,P0009,S00216
C0084,2024-02-12 03:08:00,add_to_cart,P0029,S00031
C0021,2024-04-16 18:30:00,checkout,P0004,S00348
C0057,2024-06-05 12:49:00,product_view,P0006,S00015
C0088,2024-07-05 04:30:00,purchase,P0029,S00058
C0053,2024-01-12 02:16:00,add_to_cart,P0015,S00007
C0091,2024-06-22 16:49:00,add_to_cart,P0028,S00371
C0073,2024-06-20 10:33:00,product_view,P0008,S00359
C0080,2024-04-20 21:46:00,product_view,P0004,S00178
C0085,2024-06-13 12:09:00,checkout,P0022,S00286
C0079,2024-01-03 20:59:00,product_view,P0002,S00435
C0061,2024-05-06 05:04:00,add_to_cart,P0028,S00165
C0031,2024-03-12 01:32:00,product_view,P0011,S00330
C0049,2024-03-01 02:29:00,product_view,P0013,S00294
C0058,2024-05-07 14:20:00,product_view,P0003,S00255
C0096,2024-01-05 03:25:00,product_view,P0021,S00286
C0071,2024-01-24 19:39:00,add_to_cart,P0001,S00456
C0066,2024-02-22 20:42:00,product_view,P0018,S00175
C0047,2024-01-14 07:54:00,product_view,P0027,S00287
C0099,2024-06-02 15:45:00,add_to_cart,P0020,S00367
C0058,2024-01-25 21:14:00,product_view,P0004,S00182
C0082,2024-03-15 17:33:00,product_view,P0026,S00055
C0006,2024-02-12 15:08:00,checkout,P0029,S00381
C0093,2024-01-28 08:39:00,product_view,P0014,S00062
C0051,2024-04-27 06:45:00,product_view,P0007,S00388
C0054,2024-06-11 21:37:00,product_view,P0002,S00457
C0058,2024-06-17 18:32:00,product_view,P0015,S00256
C0001,2024-07-07 01:35:00,purchase,P0017,S00430
C0075,2024-05-10 05:44:00,product_view,P0016,S00375
C0017,2024-04-09 21:38:00,add_to_cart,P0004,S00165
C0065,2024-04-08 13:38:00,purchase,P0029,S00391
C0032,2024-04-11 10:18:00,product_view,P0009,S00069
C0018,2024-06-03 22:56:00,add_to_cart,P0014,S00154
C0090,2024-03-21 22:47:00,purchase,P0018,S00324
C0028,2024-02-23 19:45:00,product_view,P0007,S00177
C0087,2024-06-30 20:11:00,product_view,P0005,S00356
C0082,2024-06-30 03:48:00,product_view,P0011,S00246
C0075,2024-06-19 22:26:00,add_to_cart,P0019,S00458
C0069,2024-04-18 00:33:00,product_view,P0010,S00196
C0019,2024-06-20 01:12:00,product_view,P0002,S00403
C0021,2024-06-23 08:09:00,checkout,P0010,S00354
C0038,2024-07-11 17:02:00,product_view,P0007,S00232
C0014,2024-06-21 23:35:00,checkout,P0020,S00381
C0083,2024-04-09 07:32:00,add_to_cart,P0018,S00409
C0090,2024-06-26 21:03:00,purchase,P0010,S00199
C0054,2024-06-24 10:35:00,product_view,P0026,S00381
C0033,2024-06-07 14:53:00,product_view,P0007,S00325
C0091,2024-06-14 11:48:00,product_view,P0023,S00379
C0078,2024-07-17 23:12:00,product_view,P0007,S00091
C0088,2024-02-17 05:47:00,product_view,P0003,S00194
C0006,2024-03-12 17:16:00,product_view,P0014,S00300
C0033,2024-03-25 14:45:00,purchase,P0001,S00021
C0020,2024-03-23 19:03:00,add_to_cart,P0030,S00321
C0079,2024-06-18 09:31:00,add_to_cart,P0027,S00282
C0046,2024-07-19 22:20:00,product_view,P0003,S00490
C0024,2024-01-18 16:10:00,product_view,P0017,S00275
C0052,2024-03-30 07:56:00,product_view,P0003,S00170
C0043,2024-03-16 06:48:00,add_to_cart,P0012,S00244
C0072,2024-07-11 20:00:00,product_view,P0027,S00178
C0058,2024-06-13 19:58:00,add_to_cart,P0008,S00491
C0006,2024-03-23 12:58:00,add_to_cart,P0022,S00059
C0050,2024-05-18 23:18:00,product_view,P0009,S00265
C0099,2024-05-11 16:28:00,product_view,P0012,S00152
C0084,2024-03-23 16:05:00,purchase,P0007,S00086
C0099,2024-05-16 00:40:00,product_view,P0018,S00344
C0081,2024-02-24 21:27:00,checkout,P0025,S00106
C0069,2024-06-28 23:49:00,product_view,P0027,S00419
C0010,2024-06-24 04:01:00,product_view,P0024,S00170
C0005,2024-01-19 01:11:00,add_to_cart,P0003,S00286
C0010,2024-02-28 08:26:00,product_view,P0019,S00323
C0052,2024-03-21 00:24:00,add_to_cart,P0014,S00274
C0001,2024-07-03 19:04:00,add_to_cart,P0021,S00300
C0006,2024-01-19 11:59:00,product_view,P0023,S00149
C0088,2024-06-04 02:18:00,add_to_cart,P0010,S00225
C0049,2024-06-18 00:30:00,product_view,P0013,S00113
C0018,2024-04-10 17:18:00,purchase,P0024,S00074
C0039,2024-07-05 20:23:00,purchase,P0022,S00006
C0071,2024-05-22 04:07:00,product_view,P0028,S00294
C0077,2024-05-17 17:05:00,product_view,P0013,S00384
C0095,2024-07-04 11:13:00,product_view,P0029,S00331
C0066,2024-02-11 05:14:00,add_to_cart,P0005,S00130
C0025,2024-02-16 21:51:00,product_view,P0004,S00028
C0097,2024-05-20 14:41:00,product_view,P0030,S00149
C0086,2024-03-05 03:12:00,add_to_cart,P0003,S00250
C0043,2024-02-02 21:41:00,product_view,P0012,S00146
C0080,2024-02-19 10:31:00,product_view,P0003,S00316
C0085,2024-06-26 18:09:00,product_view,P0010,S00187
C0041,2024-02-13 00:20:00,product_view,P0014,S00114
C0092,2024-06-13 13:17:00,checkout,P0024,S00069
C0087,2024-03-25 15:29:00,product_view,P0024,S00397
C0040,2024-05-21 03:11:00,add_to_cart,P0016,S00042
C0036,2024-02-05 17:12:00,product_view,P0028,S00454
C0081,2024-07-05 02:57:00,product_view,P0003,S00260
C0081,2024-05-28 18:25:00,add_to_cart,P0001,S00109
C0005,2024-03-07 17:57:00,purchase,P0018,S00242
C0084,2024-02-08 11:25:00,product_view,P0025,S00396
C0076,2024-03-15 04:29:00,product_view,P0024,S00047
C0051,2024-05-08 00:42:00,product_view,P0012,S00494
C0079,2024-02-12 16:08:00,product_view,P0022,S00092
C0073,2024-06-17 04:47:00,add_to_cart,P0019,S00481
C0046,2024-02-26 15:14:00,product_view,P0002,S00190
C0030,2024-06-20 06:33:00,purchase,P0002,S00185
C0050,2024-04-26 01:02:00,purchase,P0016,S00166
C0014,2024-05-13 20:53:00,product_view,P0023,S00380
C0034,2024-05-19 18:11:00,product_view,P0019,S00194
C0047,2024-06-16 02:33:00,product_view,P0019,S00499
C0029,2024-04-13 11:52:00,checkout,P0017,S00250
C0062,2024-06-03 00:32:00,checkout,P0029,S00226
C0022,2024-01-20 16:41:00,product_view,P0008,S00077
C0024,2024-04-02 19:45:00,checkout,P0006,S00339
C0030,2024-03-25 23:07:00,product_view,P0014,S00246
C0062,2024-05-31 05:41:00,checkout,P0007,S00012
C0032,2024-02-02 18:37:00,product_view,P0002,S00323
C0066,2024-05-26 04:03:00,product_view,P0002,S00473
C0024,2024-04-13 19:36:00,add_to_cart,P0017,S00450
C0093,2024-06-18 09:05:00,product_view,P0024,S00311
C0061,2024-05-03 05:14:00,checkout,P0028,S00308
C0019,2024-05-29 05:39:00,add_to_cart,P0026,S00136
C0022,2024-06-24 10:59:00,product_view,P0024,S00303
C0009,2024-04-06 12:08:00,product_view,P0008,S00104
C0067,2024-05-09 21:26:00,checkout,P0028,S00311
C0013,2024-05-01 19:38:00,product_view,P0006,S00402
C0069,2024-07-11 03:05:00,product_view,P0017,S00067
C0078,2024-01-01 21:41:00,product_view,P0018,S00216
C0048,2024-01-12 22:33:00,product_view,P0028,S00481
C0062,2024-07-15 12:22:00,product_view,P0026,S00380
C0098,2024-06-27 18:06:00,product_view,P0027,S00131
C0062,2024-02-29 02:18:00,product_view,P0025,S00279
C0053,2024-02-18 00:45:00,add_to_cart,P0009,S00004
C0074,2024-01-31 16:00:00,product_view,P0017,S00106
C0089,2024-03-21 13:23:00,product_view,P0026,S00219
C0084,2024-03-05 08:54:00,product_view,P0019,S00290
C0047,2024-03-11 21:25:00,add_to_cart,P0020,S00212
C0071,2024-05-22 15:11:00,product_view,P0026,S00285
C0062,2024-03-19 18:22:00,add_to_cart,P0009,S00204
C0095,2024-06-17 03:47:00,product_view,P0005,S00401
C0090,2024-01-26 06:32:00,product_view,P0006,S00174
C0071,2024-06-27 21:45:00,product_view,P0020,S00200
C0082,2024-01-24 04:30:00,purchase,P0001,S00223
C0012,2024-03-08 07:23:00,product_view,P0003,S00020
C0093,2024-04-12 19:41:00,product_view,P0013,S00365
C0077,2024-07-17 05:40:00,product_view,P0002,S00006
C0026,2024-06-17 16:18:00,product_view,P0028,S00402
C0077,2024-05-12 22:14:00,add_to_cart,P0017,S00346
C0005,2024-03-02 20:00:00,purchase,P0012,S00045
C0036,2024-04-12 11:42:00,product_view,P0025,S00301
C0026,2024-01-04 23:45:00,product_view,P0017,S00047
C0071,2024-07-04 17:58:00,product_view,P0010,S00178
C0036,2024-06-04 06:29:00,purchase,P0008,S00295
C0001,2024-02-14 13:32:00,product_view,P0009,S00038
C0065,2024-03-28 03:51:00,product_view,P0010,S00132
C0069,2024-05-27 08:44:00,product_view,P0027,S00194
C0073,2024-07-16 07:48:00,product_view,P0016,S00398
C0059,2024-04-27 18:55:00,product_view,P0022,S00060
C0034,2024-04-07 20:50:00,purchase,P0003,S00347
C0090,2024-03-21 13:22:00,product_view,P0008,S00005
C0090,2024-03-08 07:18:00,product_view,P0027,S00345
C0096,2024-03-28 02:35:00,purchase,P0027,S00244
C0041,2024-02-25 18:17:00,product_view,P0012,S00383
C0088,2024-02-18 15:47:00,product_view,P0030,S00377
C0031,2024-03-08 06:14:00,product_view,P0028,S00128
C0080,2024-02-09 03:07:00,purchase,P0012,S00347
C0085,2024-06-06 00:48:00,checkout,P0016,S00491
C0006,2024-05-03 11:39:00,product_view,P0028,S00460
C0074,2024-03-11 15:11:00,purchase,P0028,S00469
C0066,2024-04-11 07:48:00,product_view,P0009,S00028
C0068,2024-04-18 15:34:00,product_view,P0026,S00178
C0051,2024-06-24 05:29:00,purchase,P0028,S00358
C0067,2024-03-21 22:00:00,product_view,P0015,S00108
C0049,2024-01-26 10:23:00,add_to_cart,P0019,S00133
C0024,2024-03-08 07:17:00,product_view,P0018,S00314
C0044,2024-02-17 15:27:00,product_view,P0012,S00359
C0097,2024-04-03 12:17:00,product_view,P0012,S00293
C0017,2024-06-24 07:52:00,product_view,P0019,S00139
C0031,2024-04-20 12:12:00,product_view,P0018,S00492
C0095,2024-05-01 00:11:00,product_view,P0005,S00069
C0081,2024-05-16 23:20:00,add_to_cart,P0017,S00154
C0033,2024-05-25 01:25:00,product_view,P0018,S00084
C0008,2024-03-06 15:53:00,add_to_cart,P0007,S00231
C0096,2024-03-07 11:23:00,product_view,P0011,S00478
C0033,2024-01-06 13:07:00,product_view,P0012,S00348
C0078,2024-05-27 18:41:00,add_to_cart,P0007,S00090
C0100,2024-03-31 10:43:00,product_view,P0010,S00397
C0095,2024-01-21 12:39:00,product_view,P0015,S00324
C0019,2024-02-12 20:51:00,purchase,P0028,S00216
C0081,2024-05-26 12:54:00,purchase,P0020,S00041
C0021,2024-02-28 10:20:00,add_to_cart,P0011,S00364
C0035,2024-06-14 12:17:00,checkout,P0020,S00400
C0047,2024-05-30 16:28:00,product_view,P0024,S00095
C0003,2024-07-05 07:42:00,product_view,P0005,S00381
C0090,2024-01-21 06:10:00,product_view,P0024,S00049
C0009,2024-05-01 17:03:00,product_view,P0030,S00204
C0068,2024-01-22 03:16:00,add_to_cart,P0025,S00044
C0084,2024-04-09 09:14:00,product_view,P0030,S00146
C0057,2024-02-02 04:33:00,checkout,P0021,S00015
C0005,2024-04-01 10:55:00,product_view,P0022,S00500
C0070,2024-03-10 17:28:00,product_view,P0030,S00486
C0090,2024-02-15 18:38:00,product_view,P0018,S00384
C0082,2024-05-24 13:33:00,add_to_cart,P0029,S00274
C0040,2024-03-29 15:34:00,product_view,P0030,S00046
C0057,2024-04-03 13:16:00,product_view,P0010,S00006
C0001,2024-07-13 04:22:00,product_view,P0017,S00274
C0002,2024-05-05 15:19:00,product_view,P0023,S00221
C0038,2024-02-29 00:35:00,product_view,P0020,S00211
C0072,2024-04-11 07:10:00,add_to_cart,P0014,S00331
C0050,2024-04-06 07:16:00,product_view,P0027,S00321
C0031,2024-07-14 19:51:00,add_to_cart,P0017,S00140
C0037,2024-07-09 17:51:00,product_view,P0021,S00097
C0009,2024-02-04 09:07:00,add_to_cart,P0006,S00317
C0058,2024-06-28 19:31:00,product_view,P0009,S00010
C0020,2024-05-16 00:11:00,purchase,P0002,S00145
C0035,2024-07-02 14:46:00,product_view,P0005,S00047
C0020,2024-05-06 06:21:00,product_view,P0001,S00403
C0064,2024-04-28 22:50:00,product_view,P0012,S00042
C0097,2024-01-15 08:49:00,product_view,P0005,S00279
C0061,2024-02-19 08:52:00,product_view,P0006,S00007
C0016,2024-07-01 07:24:00,add_to_cart,P0025,S00227
C0032,2024-01-09 06:29:00,add_to_cart,P0024,S00049
C0067,2024-02-23 15:24:00,add_to_cart,P0022,S00160
C0042,2024-06-10 23:02:00,add_to_cart,P0006,S00282
C0067,2024-03-05 15:40:00,product_view,P0004,S00185
C0007,2024-06-19 06:07:00,product_view,P0028,S00223
C0042,2024-02-12 08:37:00,product_view,P0001,S00405
C0032,2024-01-11 18:50:00,add_to_cart,P0001,S00353
C0077,2024-04-05 02:15:00,product_view,P0005,S00047
C0088,2024-03-27 20:03:00,product_view,P0020,S00331
C0020,2024-05-17 03:08:00,product_view,P0023,S00163
C0072,2024-06-14 11:51:00,checkout,P0026,S00376
C0025,2024-06-25 12:22:00,add_to_cart,P0001,S00129
C0006,2024-06-29 14:35:00,product_view,P0016,S00357
C0063,2024-05-25 05:34:00,product_view,P0007,S00375
C0060,2024-06-02 17:10:00,product_view,P0009,S00080
C0058,2024-03-08 17:23:00,product_view,P0010,S00398
C0082,2024-04-07 23:11:00,checkout,P0017,S00318
C0047,2024-06-07 07:20:00,add_to_cart,P0025,S00338
C0069,2024-04-09 06:33:00,add_to_cart,P0027,S00393
C0071,2024-06-05 09:20:00,product_view,P0005,S00165
C0015,2024-05-13 21:04:00,product_view,P0004,S00481
C0017,2024-01-09 06:06:00,product_view,P0006,S00051
C0005,2024-06-13 12:42:00,product_view,P0019,S00320
C0090,2024-03-06 01:23:00,product_view,P0019,S00368
C0010,2024-02-23 20:31:00,purchase,P0001,S00427
C0011,2024-06-12 01:23:00,product_view,P0015,S00481
C0054,2024-04-04 22:03:00,checkout,P0027,S00137
C0068,2024-07-06 02:53:00,product_view,P0002,S00484
C0028,2024-01-25 03:46:00,product_view,P0017,S00198
C0025,2024-05-14 21:15:00,product_view,P0007,S00486
C0023,2024-07-10 17:26:00,add_to_cart,P0018,S00393
C0082,2024-04-01 21:29:00,add_to_cart,P0019,S00219
C0014,2024-02-16 17:25:00,product_view,P0006,S00337
C0021,2024-06-02 14:59:00,product_view,P0018,S00162
C0071,2024-04-05 13:48:00,add_to_cart,P0011,S00423
C0093,2024-06-04 07:36:00,product_view,P0011,S00193
C0099,2024-07-09 08:23:00,purchase,P0018,S00230
C0051,2024-07-04 01:18:00,product_view,P0001,S00266
C0018,2024-03-18 00:19:00,purchase,P0029,S00110
C0041,2024-07-16 22:52:00,product_view,P0001,S00284
C0066,2024-05-26 18:09:00,product_view,P0018,S00236
C0046,2024-02-05 08:23:00,checkout,P0005,S00128
C0030,2024-03-17 02:36:00,product_view,P0009,S00470
C0028,2024-01-20 23:20:00,add_to_cart,P0024,S00089
C0063,2024-06-25 22:36:00,checkout,P0027,S00049
C0077,2024-03-17 01:46:00,checkout,P0021,S00196
C0011,2024-01-15 10:22:00,checkout,P0025,S00223
C0054,2024-01-31 07:47:00,add_to_cart,P0030,S00309
C0002,2024-07-18 20:24:00,product_view,P0021,S00269
C0006,2024-05-18 18:09:00,product_view,P0011,S00358
C0029,2024-01-13 21:46:00,purchase,P0005,S00498
C0058,2024-06-01 18:32:00,product_view,P0025,S00222
C0038,2024-04-10 04:08:00,product_view,P0026,S00244
C0074,2024-01-13 17:25:00,product_view,P0024,S00205
C0065,2024-07-17 22:08:00,add_to_cart,P0014,S00247
C0072,2024-05-04 12:41:00,product_view,P0007,S00288
C0079,2024-05-14 07:15:00,product_view,P0024,S00398
C0056,2024-06-24 18:05:00,product_view,P0011,S00212
C0055,2024-03-30 06:20:00,product_view,P0012,S00336
C0004,2024-03-19 05:22:00,add_to_cart,P0025,S00412
C0057,2024-02-07 14:02:00,purchase,P0020,S00120
C0026,2024-04-05 04:48:00,add_to_cart,P0022,S00044
C0015,2024-01-14 07:39:00,purchase,P0024,S00445
C0037,2024-03-28 22:51:00,product_view,P0001,S00231
C0061,2024-03-25 06:47:00,product_view,P0001,S00105
C0070,2024-07-11 08:35:00,product_view,P0017,S00374
C0019,2024-06-27 21:01:00,product_view,P0023,S00464
C0085,2024-01-12 08:10:00,product_view,P0017,S00103
C0090,2024-03-10 01:29:00,add_to_cart,P0020,S00005
C0009,2024-06-18 08:42:00,checkout,P0013,S00338
C0047,2024-01-28 00:18:00,checkout,P0028,S00333
C0050,2024-04-07 16:45:00,product_view,P0008,S00162
C0063,2024-06-01 17:05:00,product_view,P0028,S00257
C0059,2024-07-01 00:02:00,product_view,P0018,S00272
C0040,2024-05-05 12:47:00,product_view,P0011,S00178
C0088,2024-03-31 20:19:00,product_view,P0012,S00257
C0036,2024-01-16 20:16:00,checkout,P0026,S00456
C0004,2024-03-12 07:09:00,product_view,P0018,S00202
C0085,2024-01-23 23:24:00,product_view,P0005,S00348
C0079,2024-06-09 21:14:00,product_view,P0028,S00294
C0020,2024-03-20 19:21:00,product_view,P0014,S00068
C0027,2024-02-05 18:34:00,add_to_cart,P0021,S00104
C0018,2024-06-25 22:57:00,product_view,P0010,S00070
C0056,2024-07-16 04:41:00,purchase,P0030,S00470
C0021,2024-01-18 17:34:00,purchase,P0011,S00061
C0024,2024-02-07 23:01:00,add_to_cart,P0011,S00451
C0053,2024-03-18 14:47:00,purchase,P0014,S00458
C0082,2024-07-08 08:09:00,add_to_cart,P0030,S00055
C0017,2024-01-07 19:39:00,product_view,P0006,S00291
C0079,2024-06-01 07:14:00,add_to_cart,P0008,S00184
C0011,2024-07-18 15:08:00,product_view,P0023,S00310
C0061,2024-06-15 11:11:00,checkout,P0023,S00252
C0061,2024-02-11 06:14:00,product_view,P0005,S00392
C0002,2024-03-10 13:14:00,add_to_cart,P0030,S00104
C0097,2024-01-17 05:59:00,purchase,P0007,S00225
C0079,2024-06-25 10:55:00,product_view,P0016,S00127
C0055,2024-07-17 01:38:00,add_to_cart,P0013,S00195
C0093,2024-04-10 19:47:00,product_view,P0011,S00275
C0068,2024-06-29 01:33:00,product_view,P0021,S00234
C0006,2024-03-03 16:34:00,product_view,P0029,S00377
C0006,2024-04-09 16:48:00,add_to_cart,P0018,S00026
C0025,2024-04-22 12:56:00,product_view,P0010,S00424
C0037,2024-02-12 13:18:00,add_to_cart,P0015,S00028
C0089,2024-02-06 14:53:00,add_to_cart,P0017,S00047
C0093,2024-01-29 05:49:00,product_view,P0017,S00458
C0090,2024-02-04 12:26:00,product_view,P0018,S00013
C0023,2024-05-31 22:57:00,product_view,P0015,S00233
C0012,2024-03-23 22:41:00,purchase,P0009,S00408
C0021,2024-07-06 03:05:00,product_view,P0023,S00231
C0082,2024-01-22 16:45:00,product_view,P0012,S00406
C0066,2024-02-10 12:35:00,product_view,P0020,S00394
C0022,2024-03-26 18:55:00,add_to_cart,P0030,S00077
C0021,2024-02-07 05:49:00,add_to_cart,P0028,S00215
C0040,2024-07-05 14:18:00,add_to_cart,P0010,S00061
C0017,2024-01-01 19:48:00,product_view,P0007,S00235
C0064,2024-05-07 17:51:00,product_view,P0028,S00452
C0064,2024-02-25 18:42:00,product_view,P0008,S00210
C0057,2024-06-02 19:00:00,product_view,P0003,S00281
C0036,2024-06-09 17:52:00,checkout,P0020,S00026
C0024,2024-01-15 20:22:00,product_view,P0005,S00438
C0005,2024-05-27 19:19:00,product_view,P0022,S00045
C0007,2024-04-16 05:10:00,add_to_cart,P0004,S00313
C0085,2024-06-28 19:36:00,add_to_cart,P0023,S00091
C0059,2024-05-28 11:59:00,product_view,P0024,S00394
C0039,2024-04-04 12:52:00,product_view,P0011,S00219
C0071,2024-03-15 15:08:00,product_view,P0003,S00441
C0036,2024-05-14 13:33:00,product_view,P0011,S00108
C0079,2024-01-28 18:46:00,purchase,P0002,S00271
C0012,2024-07-04 22:38:00,purchase,P0016,S00362
C0037,2024-06-04 10:16:00,product_view,P0014,S00320
C0046,2024-02-03 19:36:00,product_view,P0030,S00374
C0081,2024-05-06 05:56:00,add_to_cart,P0016,S00363
C0038,2024-01-01 03:01:00,product_view,P0007,S00408
C0016,2024-02-23 19:26:00,product_view,P0024,S00171
C0045,2024-06-12 06:00:00,add_to_cart,P0018,S00354
C0037,2024-01-18 09:19:00,product_view,P0009,S00166
C0099,2024-01-30 21:21:00,product_view,P0001,S00371
C0073,2024-01-08 05:12:00,product_view,P0020,S00174
C0087,2024-05-01 01:41:00,product_view,P0016,S00080
C0081,2024-05-17 10:29:00,add_to_cart,P0015,S00212
C0096,2024-05-13 09:36:00,add_to_cart,P0002,S00162
C0072,2024-01-05 06:36:00,add_to_cart,P0018,S00410
C0046,2024-02-08 08:53:00,product_view,P0003,S00193
C0081,2024-02-12 18:38:00,product_view,P0018,S00305
C0015,2024-07-19 09:45:00,checkout,P0028,S00364
C0005,2024-04-15 02:31:00,checkout,P0009,S00191
C0058,2024-03-18 06:33:00,product_view,P0027,S00058
C0048,2024-01-10 06:58:00,product_view,P0026,S00260
C0004,2024-05-03 16:09:00,product_view,P0026,S00473
C0062,2024-05-14 09:49:00,product_view,P0024,S00394
C0013,2024-05-12 21:08:00,product_view,P0027,S00019
C0059,2024-07-01 16:07:00,product_view,P0013,S00478
C0006,2024-06-01 02:21:00,product_view,P0022,S00024
C0014,2024-07-15 21:47:00,product_view,P0017,S00296
C0098,2024-06-12 06:20:00,product_view,P0010,S00147
C0036,2024-03-22 14:42:00,product_view,P0018,S00077
C0021,2024-01-30 00:39:00,product_view,P0009,S00053
C0027,2024-03-30 17:20:00,product_view,P0018,S00483
C0091,2024-03-13 18:15:00,product_view,P0026,S00160
C0079,2024-03-27 17:28:00,product_view,P0029,S00015
C0061,2024-06-21 01:06:00,product_view,P0029,S00045
C0055,2024-02-15 22:38:00,checkout,P0013,S00323
C0089,2024-04-24 19:22:00,product_view,P0023,S00419
C0026,2024-07-13 21:51:00,product_view,P0023,S00499
C0097,2024-04-29 18:08:00,product_view,P0025,S00411
C0090,2024-01-25 14:19:00,add_to_cart,P0015,S00364
C0099,2024-04-30 07:14:00,product_view,P0015,S00459
C0079,2024-04-03 12:11:00,add_to_cart,P0009,S00341
C0043,2024-03-24 14:31:00,product_view,P0026,S00244
C0015,2024-05-02 14:54:00,product_view,P0012,S00394
C0045,2024-05-27 04:32:00,product_view,P0020,S00419
C0092,2024-01-28 10:35:00,add_to_cart,P0026,S00406
C0039,2024-04-28 12:37:00,product_view,P0018,S00318
C0032,2024-02-10 15:24:00,product_view,P0018,S00107
C0089,2024-04-20 13:36:00,add_to_cart,P0019,S00279
C0089,2024-02-14 21:42:00,product_view,P0008,S00477
C0092,2024-05-04 03:37:00,product_view,P0019,S00167
C0072,2024-04-23 05:19:00,purchase,P0004,S00036
C0077,2024-06-24 19:49:00,checkout,P0004,S00168
C0064,2024-06-18 01:05:00,product_view,P0021,S00072
C0075,2024-07-12 20:51:00,product_view,P0029,S00076
C0085,2024-04-25 17:18:00,product_view,P0005,S00296
C0058,2024-02-22 21:56:00,product_view,P0007,S00292
C0087,2024-04-21 22:58:00,product_view,P0010,S00046
C0075,2024-06-05 16:25:00,checkout,P0001,S00437
C0038,2024-04-04 17:03:00,product_view,P0002,S00287
C0046,2024-03-13 00:15:00,product_view,P0004,S00303
C0051,2024-03-22 22:24:00,product_view,P0021,S00223
C0070,2024-06-18 05:30:00,product_view,P0007,S00285
C0050,2024-04-02 13:09:00,product_view,P0027,S00447
C0086,2024-02-04 00:04:00,add_to_cart,P0005,S00074
C0093,2024-05-04 21:27:00,purchase,P0029,S00070
C0011,2024-06-13 13:55:00,product_view,P0005,S00404
C0090,2024-04-18 19:11:00,product_view,P0020,S00218
C0071,2024-04-25 12:22:00,product_view,P0027,S00218
C0078,2024-05-27 15:54:00,add_to_cart,P0001,S00365
C0065,2024-04-15 17:36:00,product_view,P0009,S00020
C0073,2024-06-29 11:07:00,product_view,P0016,S00493
C0089,2024-02-06 23:46:00,product_view,P0003,S00440
C0097,2024-03-12 14:33:00,product_view,P0025,S00456
C0079,2024-03-03 15:40:00,add_to_cart,P0003,S00492
C0086,2024-06-24 20:34:00,add_to_cart,P0003,S00160
C0079,2024-03-28 17:49:00,product_view,P0002,S00233
C0066,2024-04-30 18:46:00,product_view,P0029,S00181
C0038,2024-02-12 01:44:00,purchase,P0010,S00384
C0039,2024-07-19 18:16:00,product_view,P0024,S00243
C0075,2024-05-26 01:42:00,purchase,P0006,S00415
C0095,2024-01-07 09:31:00,product_view,P0020,S00259
C0010,2024-07-19 08:16:00,product_view,P0028,S00144
C0036,2024-03-06 00:47:00,product_view,P0028,S00090
C0076,2024-02-08 21:28:00,product_view,P0024,S00090
C0034,2024-06-28 07:31:00,product_view,P0026,S00271
C0005,2024-01-22 04:38:00,purchase,P0011,S00079
C0064,2024-04-15 12:15:00,add_to_cart,P0025,S00372
C0082,2024-02-23 18:46:00,checkout,P0006,S00028
C0083,2024-07-12 03:03:00,product_view,P0009,S00205
C0061,2024-05-01 23:48:00,purchase,P0010,S00120
C0049,2024-06-29 12:30:00,product_view,P0022,S00272
C0056,2024-03-14 14:24:00,add_to_cart,P0001,S00493
C0068,2024-01-11 03:58:00,product_view,P0022,S00182
C0056,2024-06-15 08:21:00,product_view,P0020,S00411
C0013,2024-06-16 18:25:00,product_view,P0009,S00346
C0096,2024-07-06 21:37:00,add_to_cart,P0008,S00267
C0044,2024-06-25 05:20:00,product_view,P0022,S00345
C0002,2024-01-18 00:26:00,product_view,P0027,S00054
C0088,2024-03-30 07:46:00,product_view,P0015,S00099
C0005,2024-06-07 02:03:00,purchase,P0001,S00337
C0028,2024-06-12 03:45:00,purchase,P0020,S00045
C0078,2024-04-06 21:48:00,checkout,P0005,S00290
C0024,2024-01-29 22:11:00,product_view,P0029,S00240
C0085,2024-01-20 20:29:00,purchase,P0030,S00142
C0099,2024-06-26 21:49:00,add_to_cart,P0014,S00132
C0021,2024-01-19 08:49:00,product_view,P0025,S00199
C0043,2024-03-07 08:11:00,product_view,P0002,S00252
C0026,2024-04-10 05:41:00,product_view,P0020,S00074
C0070,2024-04-20 06:39:00,add_to_cart,P0025,S00468
C0057,2024-03-07 03:02:00,product_view,P0023,S00293
C0094,2024-07-17 14:01:00,checkout,P0009,S00077
C0084,2024-01-01 01:42:00,product_view,P0021,S00078
C0090,2024-04-10 18:00:00,product_view,P0011,S00482
C0099,2024-05-02 13:25:00,checkout,P0016,S00400
C0009,2024-02-27 00:24:00,purchase,P0018,S00419
C0100,2024-02-01 18:34:00,purchase,P0016,S00184
C0043,2024-03-18 12:03:00,add_to_cart,P0022,S00491
C0083,2024-04-03 17:54:00,purchase,P0003,S00042
C0059,2024-07-15 09:41:00,product_view,P0025,S00284
C0006,2024-06-18 06:19:00,add_to_cart,P0013,S00459
C0014,2024-06-25 11:31:00,product_view,P0021,S00324
C0057,2024-02-18 04:02:00,product_view,P0024,S00369
C0076,2024-05-05 12:04:00,add_to_cart,P0008,S00330
C0040,2024-05-16 14:01:00,product_view,P0016,S00029
C0044,2024-07-03 01:25:00,product_view,P0026,S00414
C0084,2024-05-13 14:43:00,checkout,P0022,S00275
C0020,2024-05-28 07:59:00,product_view,P0024,S00377
C0019,2024-06-16 00:30:00,purchase,P0016,S00317
C0006,2024-06-28 20:08:00,product_view,P0008,S00324
C0007,2024-03-19 03:29:00,add_to_cart,P0029,S00428
C0076,2024-01-28 03:31:00,product_view,P0003,S00316
C0029,2024-02-21 13:21:00,checkout,P0003,S00378
C0087,2024-03-24 03:43:00,product_view,P0013,S00071
C0042,2024-02-24 01:37:00,product_view,P0027,S00033
C0016,2024-02-06 13:10:00,add_to_cart,P0009,S00284
C0022,2024-03-03 18:02:00,product_view,P0015,S00406
C0081,2024-04-06 05:01:00,checkout,P0020,S00042
C0001,2024-02-15 02:45:00,add_to_cart,P0001,S00455
C0037,2024-06-26 15:44:00,product_view,P0014,S00074
C0082,2024-05-13 14:26:00,product_view,P0009,S00090
C0079,2024-01-10 19:11:00,add_to_cart,P0023,S00314
C0012,2024-07-19 09:22:00,product_view,P0021,S00286
C0031,2024-01-31 16:06:00,add_to_cart,P0007,S00442
C0098,2024-05-09 07:29:00,add_to_cart,P0018,S00338
C0027,2024-01-14 06:07:00,add_to_cart,P0009,S00351
C0061,2024-02-15 05:42:00,purchase,P0016,S00028
C0083,2024-03-13 06:27:00,product_view,P0012,S00316
C0098,2024-01-12 03:47:00,product_view,P0015,S00276
C0023,2024-01-08 15:32:00,product_view,P0006,S00459
C0031,2024-04-23 18:37:00,product_view,P0024,S00102
C0096,2024-03-24 07:49:00,product_view,P0022,S00117
C0013,2024-07-07 13:55:00,product_view,P0008,S00457
C0029,2024-04-30 18:31:00,product_view,P0003,S00224
C0019,2024-06-05 14:11:00,product_view,P0007,S00070
C0059,2024-02-19 20:22:00,purchase,P0024,S00104
C0043,2024-01-09 22:36:00,product_view,P0005,S00070
C0015,2024-04-29 14:26:00,product_view,P0028,S00176
C0029,2024-03-16 19:10:00,add_to_cart,P0029,S00327
C0079,2024-02-13 18:35:00,checkout,P0029,S00045
C0053,2024-05-13 15:55:00,purchase,P0028,S00303
C0061,2024-04-28 08:00:00,add_to_cart,P0027,S00377
C0032,2024-03-24 13:37:00,product_view,P0008,S00475
C0076,2024-05-26 00:26:00,purchase,P0005,S00021
C0061,2024-07-15 16:02:00,product_view,P0024,S00202
C0062,2024-06-27 03:28:00,product_view,P0026,S00043
C0072,2024-01-04 22:46:00,product_view,P0025,S00112
C0017,2024-03-16 07:41:00,purchase,P0012,S00009
C0062,2024-03-19 05:45:00,product_view,P0022,S00293
C0096,2024-01-07 14:29:00,add_to_cart,P0019,S00448
C0091,2024-02-17 11:40:00,product_view,P0013,S00325
C0001,2024-06-09 02:24:00,checkout,P0028,S00171
C0068,2024-03-16 13:48:00,product_view,P0002,S00485
C0079,2024-05-27 06:50:00,add_to_cart,P0018,S00318
C0043,2024-01-15 16:58:00,add_to_cart,P0024,S00455
C0007,2024-04-08 11:29:00,add_to_cart,P0004,S00188
C0047,2024-06-14 17:45:00,product_view,P0006,S00364
C0100,2024-02-05 10:15:00,product_view,P0007,S00333
C0062,2024-07-11 18:55:00,purchase,P0024,S00108
C0097,2024-07-13 07:20:00,product_view,P0024,S00137
C0065,2024-04-18 08:03:00,product_view,P0022,S00177
C0058,2024-05-08 16:53:00,product_view,P0016,S00364
C0069,2024-05-16 09:28:00,add_to_cart,P0022,S00410
C0087,2024-01-17 06:57:00,checkout,P0023,S00045
C0011,2024-02-15 09:04:00,product_view,P0013,S00142
C0015,2024-02-07 15:09:00,checkout,P0023,S00267
C0081,2024-03-16 13:43:00,product_view,P0001,S00068
C0061,2024-04-17 14:47:00,add_to_cart,P0012,S00150
C0025,2024-01-06 07:53:00,purchase,P0003,S00331
C0043,2024-05-28 10:41:00,add_to_cart,P0014,S00168
C0063,2024-06-19 22:33:00,checkout,P0019,S00228
C0059,2024-05-25 04:57:00,add_to_cart,P0010,S00088
C0034,2024-05-03 11:18:00,add_to_cart,P0008,S00025
C0019,2024-03-13 14:10:00,add_to_cart,P0012,S00083
C0092,2024-03-14 05:11:00,checkout,P0018,S00355
C0086,2024-02-09 05:15:00,product_view,P0026,S00163
C0074,2024-04-22 08:23:00,product_view,P0005,S00288
C0091,2024-06-19 10:22:00,product_view,P0002,S00230
C0070,2024-05-16 09:07:00,purchase,P0006,S00208
C0064,2024-02-07 14:59:00,product_view,P0025,S00003
C0095,2024-05-09 10:41:00,add_to_cart,P0018,S00243
C0038,2024-05-26 21:09:00,add_to_cart,P0025,S00374
C0057,2024-06-25 03:46:00,product_view,P0011,S00021
C0018,2024-05-21 03:19:00,product_view,P0022,S00317
C0029,2024-04-01 02:20:00,product_view,P0015,S00329
C0025,2024-05-14 07:50:00,purchase,P0019,S00143
C0026,2024-01-22 17:54:00,product_view,P0001,S00344
C0012,2024-04-10 06:31:00,product_view,P0017,S00310
C0066,2024-06-19 11:25:00,product_view,P0002,S00438
C0055,2024-04-08 11:00:00,product_view,P0012,S00180
C0040,2024-05-23 02:13:00,add_to_cart,P0015,S00228
C0095,2024-04-23 09:10:00,checkout,P0014,S00497
C0055,2024-04-16 04:53:00,product_view,P0024,S00045
C0019,2024-03-18 15:55:00,product_view,P0007,S00172
C0009,2024-05-31 12:05:00,product_view,P0030,S00328
C0035,2024-02-14 17:29:00,add_to_cart,P0014,S00387
C0018,2024-02-17 12:18:00,product_view,P0007,S00022
C0039,2024-05-29 09:31:00,product_view,P0027,S00238
C0029,2024-01-01 04:16:00,product_view,P0001,S00328
C0082,2024-02-01 20:42:00,checkout,P0016,S00214
C0023,2024-06-25 20:15:00,product_view,P0016,S00392
C0036,2024-01-18 19:47:00,product_view,P0016,S00247
C0073,2024-03-07 20:43:00,product_view,P0014,S00356
C0016,2024-05-11 23:36:00,product_view,P0012,S00133
C0021,2024-01-15 04:20:00,product_view,P0019,S00355
C0018,2024-02-11 01:17:00,product_view,P0012,S00326
C0046,2024-03-15 09:33:00,add_to_cart,P0002,S00040
C0066,2024-07-15 20:11:00,add_to_cart,P0007,S00307
C0097,2024-05-19 10:55:00,product_view,P0006,S00433
C0088,2024-03-18 08:43:00,add_to_cart,P0026,S00186
C0013,2024-05-28 11:52:00,product_view,P0018,S00071
C0067,2024-04-05 15:26:00,product_view,P0010,S00467
C0021,2024-02-25 04:32:00,product_view,P0004,S00097
C0072,2024-06-25 16:54:00,product_view,P0020,S00283
C0090,2024-01-30 13:29:00,purchase,P0025,S00060
C0017,2024-01-05 15:22:00,product_view,P0030,S00186
C0018,2024-04-23 19:33:00,add_to_cart,P0027,S00176
C0023,2024-03-18 00:47:00,checkout,P0023,S00114
C0017,2024-06-26 04:44:00,product_view,P0028,S00065
C0027,2024-01-21 13:44:00,add_to_cart,P0005,S00058
C0010,2024-07-17 15:48:00,product_view,P0001,S00101
C0014,2024-06-17 16:37:00,product_view,P0002,S00061
C0033,2024-01-17 09:42:00,product_view,P0002,S00050
C0016,2024-06-03 06:37:00,purchase,P0030,S00095
C0086,2024-01-08 02:09:00,checkout,P0012,S00483
C0036,2024-03-30 11:10:00,checkout,P0019,S00400
C0094,2024-03-02 16:36:00,product_view,P0020,S00420
C0075,2024-01-04 16:13:00,add_to_cart,P0025,S00494
C0037,2024-07-12 17:00:00,purchase,P0006,S00051
C0028,2024-05-09 22:30:00,product_view,P0030,S00302
C0024,2024-06-21 03:11:00,checkout,P0015,S00195
C0055,2024-05-11 07:26:00,product_view,P0007,S00161
C0016,2024-01-29 16:08:00,product_view,P0015,S00185
C0091,2024-05-22 23:02:00,product_view,P0010,S00253
C0015,2024-03-13 14:38:00,add_to_cart,P0013,S00352
C0057,2024-05-21 13:18:00,purchase,P0008,S00220
C0025,2024-01-18 15:43:00,product_view,P0028,S00007
C0087,2024-06-21 03:25:00,product_view,P0016,S00338
C0087,2024-01-31 04:25:00,product_view,P0003,S00303
C0014,2024-02-13 02:23:00,purchase,P0024,S00174
C0026,2024-04-13 03:14:00,checkout,P0020,S00372
C0064,2024-07-14 22:49:00,product_view,P0009,S00140
C0097,2024-06-13 12:22:00,product_view,P0026,S00309
C0052,2024-05-10 08:09:00,add_to_cart,P0016,S00056
C0016,2024-05-05 15:14:00,add_to_cart,P0009,S00069
C0004,2024-07-07 01:53:00,product_view,P0004,S00348
C0004,2024-04-07 19:43:00,product_view,P0006,S00156
C0080,2024-01-25 02:42:00,add_to_cart,P0020,S00393
C0064,2024-04-29 06:18:00,add_to_cart,P0026,S00252
C0065,2024-05-18 10:51:00,checkout,P0009,S00280
C0003,2024-01-09 13:56:00,purchase,P0025,S00197
C0058,2024-04-06 14:29:00,product_view,P0011,S00091
C0072,2024-07-18 09:56:00,add_to_cart,P0022,S00252
C0056,2024-03-20 22:24:00,product_view,P0005,S00057
C0073,2024-05-05 21:35:00,add_to_cart,P0022,S00293
C0061,2024-05-23 05:32:00,product_view,P0016,S00135
C0064,2024-04-06 19:43:00,product_view,P0019,S00146
C0042,2024-01-08 18:02:00,product_view,P0002,S00188
C0045,2024-07-08 18:01:00,add_to_cart,P0026,S00321
C0044,2024-01-25 13:22:00,purchase,P0013,S00211
C0045,2024-06-18 07:15:00,product_view,P0002,S00160
C0076,2024-06-25 02:55:00,product_view,P0003,S00173
C0022,2024-05-17 10:02:00,product_view,P0001,S00443
C0055,2024-05-11 13:17:00,product_view,P0019,S00241
C0076,2024-03-22 12:36:00,product_view,P0001,S00294
C0013,2024-05-05 03:44:00,add_to_cart,P0026,S00173
C0064,2024-07-14 21:21:00,product_view,P0017,S00154
C0047,2024-02-21 15:40:00,checkout,P0014,S00404
C0010,2024-05-17 06:18:00,product_view,P0027,S00153
C0074,2024-02-27 19:47:00,purchase,P0013,S00368
C0075,2024-05-31 10:17:00,product_view,P0004,S00411
C0068,2024-04-19 06:22:00,add_to_cart,P0016,S00334
C0039,2024-03-17 13:42:00,product_view,P0017,S00103
C0054,2024-03-05 19:32:00,product_view,P0013,S00391
C0071,2024-01-05 20:45:00,product_view,P0006,S00096
C0074,2024-02-24 21:52:00,add_to_cart,P0016,S00240
C0035,2024-06-12 17:51:00,add_to_cart,P0030,S00394
C0056,2024-05-24 23:40:00,product_view,P0030,S00103
C0047,2024-02-07 07:09:00,add_to_cart,P0015,S00392
C0039,2024-04-21 13:20:00,checkout,P0028,S00467
C0009,2024-02-22 13:17:00,checkout,P0021,S00331
C0021,2024-06-24 19:15:00,product_view,P0009,S00059
C0020,2024-01-08 07:51:00,checkout,P0007,S00238
C0063,2024-04-21 13:41:00,purchase,P0018,S00104
C0021,2024-02-04 00:16:00,add_to_cart,P0009,S00143
C0085,2024-02-15 20:54:00,product_view,P0018,S00370
C0063,2024-01-06 01:55:00,checkout,P0026,S00161
C0078,2024-01-17 13:57:00,product_view,P0010,S00337
C0012,2024-07-04 04:15:00,product_view,P0013,S00377
C0065,2024-01-31 16:42:00,checkout,P0030,S00487
C0100,2024-05-14 08:31:00,checkout,P0030,S00122
C0077,2024-07-16 10:21:00,checkout,P0004,S00378
C0050,2024-07-10 23:15:00,purchase,P0026,S00112
C0019,2024-02-14 06:17:00,product_view,P0004,S00131
C0076,2024-05-05 17:23:00,add_to_cart,P0002,S00058
C0041,2024-04-18 15:43:00,product_view,P0018,S00143
C0019,2024-05-01 22:23:00,checkout,P0012,S00011
C0083,2024-06-04 01:53:00,add_to_cart,P0029,S00410
C0007,2024-06-20 07:16:00,product_view,P0023,S00159
C0082,2024-04-02 21:07:00,product_view,P0023,S00122
C0057,2024-01-03 12:59:00,purchase,P0013,S00131
C0039,2024-07-12 07:19:00,product_view,P0003,S00456
C0021,2024-04-22 20:20:00,checkout,P0030,S00393
C0083,2024-01-09 08:55:00,product_view,P0014,S00400
C0063,2024-07-07 13:59:00,checkout,P0016,S00368
C0055,2024-01-26 05:44:00,product_view,P0029,S00034
C0046,2024-06-03 23:52:00,product_view,P0014,S00168
C0059,2024-01-08 01:41:00,add_to_cart,P0023,S00323
C0057,2024-06-13 04:00:00,product_view,P0026,S00322
C0040,2024-05-27 02:07:00,product_view,P0011,S00265
C0092,2024-06-15 04:54:00,product_view,P0025,S00211
C0041,2024-05-02 23:08:00,product_view,P0015,S00352
C0076,2024-03-24 09:12:00,product_view,P0027,S00189
C0024,2024-04-06 18:14:00,product_view,P0013,S00012
C0072,2024-06-05 20:14:00,purchase,P0021,S00499
C0060,2024-03-08 22:54:00,product_view,P0007,S00206
C0080,2024-06-02 08:09:00,product_view,P0014,S00189
C0022,2024-01-31 00:45:00,product_view,P0019,S00396
C0059,2024-06-21 15:07:00,product_view,P0027,S00105
C0025,2024-07-19 08:18:00,add_to_cart,P0028,S00196
C0017,2024-02-22 19:13:00,purchase,P0014,S00145
C0094,2024-02-18 13:11:00,product_view,P0022,S00075
C0004,2024-03-08 07:39:00,product_view,P0010,S00128
C0048,2024-06-24 20:29:00,product_view,P0019,S00241
C0018,2024-03-23 22:25:00,add_to_cart,P0028,S00366
C0050,2024-04-18 23:38:00,product_view,P0023,S00049
C0072,2024-01-14 10:59:00,product_view,P0002,S00466
C0046,2024-06-20 19:45:00,add_to_cart,P0020,S00024
C0001,2024-05-09 19:24:00,product_view,P0009,S00203
C0086,2024-02-03 17:02:00,product_view,P0012,S00134
C0022,2024-05-06 10:56:00,product_view,P0017,S00046
C0041,2024-05-15 13:09:00,product_view,P0023,S00161
C0006,2024-05-07 08:47:00,product_view,P0005,S00221
C0037,2024-03-08 19:53:00,add_to_cart,P0029,S00136
C0067,2024-04-21 05:20:00,add_to_cart,P0011,S00252
C0098,2024-05-22 21:40:00,add_to_cart,P0005,S00028
C0025,2024-01-14 07:11:00,product_view,P0005,S00134
C0021,2024-04-29 13:07:00,purchase,P0023,S00475
C0064,2024-04-23 11:45:00,product_view,P0002,S00235
C0064,2024-07-03 04:07:00,product_view,P0004,S00105
C0037,2024-02-13 23:32:00,checkout,P0006,S00289
C0085,2024-02-24 18:00:00,product_view,P0019,S00293
C0024,2024-01-20 07:49:00,product_view,P0014,S00049
C0043,2024-03-13 21:43:00,product_view,P0001,S00192
C0076,2024-01-28 10:09:00,product_view,P0030,S00236
C0091,2024-05-02 14:40:00,purchase,P0022,S00305
C0085,2024-03-25 01:41:00,add_to_cart,P0001,S00232
C0042,2024-07-06 18:08:00,product_view,P0024,S00025
C0083,2024-03-23 01:47:00,product_view,P0010,S00488
C0078,2024-01-24 12:16:00,product_view,P0013,S00495
C0099,2024-04-12 02:01:00,checkout,P0028,S00084
C0050,2024-04-13 09:41:00,add_to_cart,P0025,S00335
C0020,2024-03-17 15:51:00,product_view,P0004,S00413
C0040,2024-06-24 19:08:00,product_view,P0029,S00050
C0048,2024-02-21 15:28:00,checkout,P0017,S00244
C0035,2024-06-02 13:05:00,add_to_cart,P0019,S00416
C0048,2024-02-17 13:40:00,product_view,P0020,S00021
C0066,2024-04-28 21:14:00,add_to_cart,P0011,S00366
C0020,2024-05-06 16:40:00,add_to_cart,P0030,S00043
C0038,2024-04-21 02:58:00,checkout,P0015,S00154
C0020,2024-06-24 09:53:00,product_view,P0005,S00219
C0038,2024-01-13 17:04:00,purchase,P0019,S00263
C0014,2024-04-18 13:06:00,product_view,P0017,S00369
C0073,2024-03-05 11:16:00,product_view,P0027,S00394
C0065,2024-01-30 23:42:00,product_view,P0001,S00403
C0024,2024-04-10 01:05:00,product_view,P0027,S00361
C0039,2024-05-30 23:29:00,add_to_cart,P0011,S00231
C0080,2024-03-08 10:58:00,checkout,P0026,S00096
C0028,2024-01-21 23:38:00,product_view,P0006,S00345
C0014,2024-05-16 00:00:00,product_view,P0014,S00007
C0022,2024-05-02 14:44:00,product_view,P0021,S00337
C0096,2024-07-04 15:19:00,add_to_cart,P0020,S00499
C0079,2024-06-25 21:44:00,add_to_cart,P0012,S00412
C0039,2024-02-02 04:00:00,product_view,P0003,S00418
C0003,2024-02-18 00:13:00,product_view,P0023,S00075
C0084,2024-04-21 20:54:00,add_to_cart,P0008,S00098
C0012,2024-07-16 14:09:00,product_view,P0010,S00012
C0015,2024-02-09 23:44:00,product_view,P0006,S00249
C0061,2024-04-25 18:15:00,product_view,P0001,S00292
C0051,2024-03-26 00:06:00,add_to_cart,P0002,S00366
C0056,2024-05-06 23:37:00,product_view,P0014,S00284
C0038,2024-05-04 12:31:00,product_view,P0002,S00372
C0079,2024-06-22 15:14:00,add_to_cart,P0030,S00271
C0003,2024-05-27 10:35:00,product_view,P0014,S00458
C0083,2024-05-01 03:31:00,add_to_cart,P0014,S00331
C0045,2024-06-27 13:01:00,product_view,P0015,S00372
C0025,2024-03-29 14:14:00,product_view,P0016,S00301
